SAMPLE_NAME,Frequency
Grenchen_2021-06-11_soil_1A_ref,1753693.0
Grenchen_2021-07-21_soil_1A,1312631.0
Grenchen_2021-07-21_soil_1C,1126855.0
Grenchen_2022-03-08_1A,816945.0
Erlenbach_2022-10-20_3,797092.0
Grenchen_2021-06-11_soil_1A,789138.0
Grenchen_2021-06-11_soil_1B,778703.0
Grenchen_2021-06-11_soil_2B,733486.0
Grenchen_2022-03-08_2C,725904.0
Grenchen_2022-03-08_2A,719101.0
Grenchen_2021-06-11_soil_2D_ref,715555.0
Grenchen_2023-06-20_2B,705262.0
Grenchen_2022-03-08_1C,676422.0
Grenchen_2021-06-11_soil_2B_ref,646698.0
Grenchen_2022-07-02_1C,618819.0
Grenchen_2021-07-21_soil_2A,614877.0
Lavaux_2022-08-10_soil_Plot17,521381.0
Lavaux_2021-08-31_soil_Plot12,501410.0
Grenchen_2022-10-20_2B,485642.0
Grenchen_2023-08-23_1B,476019.0
Weinmanufaktur_05-09-2023_soil,473981.0
Grenchen_2021-06-11_soil_2C_ref,464285.0
Lavaux_2022-08-10_soil_Plot5,446345.0
Grenchen_2022-03-08_1B,439025.0
Grenchen_2023-08-23_2C,423887.0
Grenchen_2021-07-21_soil_1B,423752.0
Diederik_05-09-2023_soil,394716.0
Erlenbach_2023-08-23_6,360275.0
Grenchen_2023-08-23_2B,314741.0
Fluntern_2023-06-20_1C,305767.0
Fluntern_2023-08-23_1B,290813.0
Grenchen_2022-07-02_1A,290018.0
Grenchen_2023-06-20_2A,283946.0
Erlenbach_2023-08-23_2,283508.0
Grenchen_2021-06-11_soil_1C,268446.0
DNA38_PosCtrl,241775.0
Lavaux_2021-08-31_bark_Plot15,239028.0
Fluntern_2023-08-23_1C,231632.0
Grenchen_2023-08-23_1A,207021.0
Wine_by_Jet_05-09-2023_soil,206954.0
Grenchen_2021-06-11_soil_1B_ref,188922.0
Lavaux_2022-08-10_soil_Plot11,186317.0
Grenchen_2023-06-20_1A,171783.0
Grenchen_2021-07-21_soil_2C,171773.0
Erlenbach_2023-08-23_1,165381.0
Lavaux_2022-03-08_soil_Plot17,164877.0
Erlenbach_2023-06-20_1,161209.0
DNA28_PosCtrl,148295.0
Grenchen_2023-06-20_1B,145157.0
Lavaux_2021-08-31_bark_Plot19,139782.0
Lavaux_2022-03-08_soil_Plot4,138494.0
Lavaux_2021-08-31_bark_Plot20,135323.0
Lavaux_2022-03-08_soil_Plot15,134967.0
Lavaux_2022-08-10_soil_Plot14,124404.0
Grenchen_2021-10-13_soil_1B,110665.0
Lavaux_2022-08-10_soil_Plot4,110016.0
Grenchen_2021-06-11_soil_1C_ref,108085.0
Lavaux_2021-08-31_soil_Plot11,107470.0
Lavaux_2022-08-10_soil_Plot15,102920.0
Lavaux_2022-08-10_soil_Plot13,101713.0
Lavaux_2023-08-24_soil_Plot19,100918.0
Grenchen_2021-07-21_soil_2B,98485.0
Lavaux_2021-08-31_bark_Plot4,95458.0
Lavaux_2022-08-10_bark_Plot12,83675.0
Erlenbach_2023-06-20_3,82319.0
Lavaux_2022-08-10_bark_Plot4,76011.0
Grenchen_2022-03-08_2B,75569.0
Lavaux_2022-08-10_bark_Plot11,67002.0
MV_Post-MLF_Plot5_2023-12-11,65121.0
MV_Post-AF_Plot5_2022-09-30,61717.0
Grenchen_2021-06-11_soil_2A_ref,61367.0
Lavaux_2022-08-10_soil_Plot20,58958.0
Lavaux_2023-05-10_soil_Plot5,57112.0
Lavaux_2022-08-10_bark_Plot15,56737.0
Erlenbach_2023-06-20_4,55682.0
Lavaux_2021-08-31_soil_Plot19,54954.0
Lavaux_2021-08-31_bark_Plot5,54169.0
DNA41_negCtrl_4,51861.0
Champlan_1_17-08-2023_soil,46350.0
Grenchen_2021-06-11_soil_2A,45842.0
Lavaux_2022-03-08_soil_Plot11,44953.0
MV_Post-MLF_Plot13_2023-12-11,41577.0
Leytron_Agroscope2_17-08-2023_soil,41339.0
Lavaux_2022-08-10_bark_Plot5,37864.0
Miege_3_17-08-2023_soil,37532.0
DNA31_PosCtrl,36897.0
Fluntern_2023-10-10_1A,35876.0
Grenchen_2022-07-02_2A,35843.0
Grenchen_2023-08-23_2A,35080.0
Lavaux_2021-08-31_bark_Plot9,34900.0
Lavaux_2023-05-10_soil_Plot17,34648.0
DNA14_PosCtrl_1,34360.0
Erlenbach_2023-10-10_5,34327.0
Lavaux_2021-08-31_bark_Plot13,33030.0
Grenchen_2023-10-10_2B,33028.0
Grenchen_2023-06-20_2C,33024.0
Lavaux_2022-03-08_soil_Plot12,32796.0
Erlenbach_2023-08-23_4,32111.0
MV_Post-MLF_Plot9_2023-12-11,31917.0
Lavaux_2023-08-24_soil_Plot4,30310.0
MV_Post-AF_Plot19_2022-09-30,30058.0
Grenchen_2021-10-13_soil_2C,29997.0
Grenchen_2021-10-13_soil_1A,29817.0
Grenchen_2021-10-13_soil_2A,29276.0
DNA11_PosCtrl_1,29192.0
MV_Post-MLF_Plot14_2023-12-11,28258.0
Lavaux_2021-08-31_leaf_Plot9,28100.0
Lavaux_2021-08-31_bark_Plot14,26725.0
Grenchen_2023-06-20_1C,26478.0
Lavaux_2022-03-08_soil_Plot13,25635.0
MV_Post-AF_Plot14_2022-09-30,25195.0
Lavaux_2021-08-31_soil_Plot15,24331.0
Fluntern_2023-06-20_1A,23092.0
Grenchen_2023-10-10_1B,21869.0
Lavaux_2021-08-31_bark_Plot12,21338.0
Grenchen_2022-10-20_1B,21127.0
Lavaux_2023-05-10_soil_Plot9,20694.0
Erlenbach_2023-06-20_5,20189.0
Erlenbach_2022-06-03_2,19737.0
Erlenbach_2022-08-11_2,19402.0
Lavaux_2023-08-24_soil_Plot5,19381.0
Lavaux_2021-09-30_must_Plot15_Row10/Vine10_ID133,18659.0
Lavaux_2021-09-30_must_Plot15_Row15/Vine20_ID143,18381.0
Lavaux_2023-05-10_soil_Plot19,18134.0
Grenchen_2021-10-13_soil_2B,17655.0
Lavaux_2023-05-10_soil_Plot15,17649.0
Fluntern_2023-08-23_1A,16550.0
Fluntern_2023-06-20_1B,16238.0
Grenchen_2023-10-10_1C,15577.0
Lavaux_2023-05-10_soil_Plot13,15000.0
Lavaux_2023-05-10_soil_Plot4,14242.0
Lavaux_2021-09-30_must_Plot12_Row6/Vine50_ID90,14237.0
Grenchen_2023-08-23_1C,13809.0
Sav_3_17-08-2023_soil,13555.0
MV_Must_Plot12_2022-09-13,13112.0
Lavaux_2021-08-31_soil_Plot17,13035.0
22DL04M_5657_lees,12467.0
Grenchen_2022-07-02_2C,12382.0
Lavaux_2022-08-10_bark_Plot19,12313.0
Lavaux_2021-09-30_must_Plot20_Row11/Vine20_ID213,11883.0
MV_Must_Plot4_2022-09-13,11746.0
Mart_6_17-08-2023_soil,11668.0
Lavaux_2023-08-24_soil_Plot15,11346.0
DNA49_PosCtrl,11220.0
Sav_1_17-08-2023_soil,10955.0
Erlenbach_2022-10-20_2,10818.0
MV_Must_Plot13_2022-09-13,10326.0
Lavaux_2021-08-31_bark_Plot18,9751.0
Leytron_Agroscope3_17-08-2023_soil,9635.0
Lavaux_2022-08-10_bark_Plot9,9273.0
MV_Must_Plot19_2023-09-23,9022.0
Erlenbach_2023-06-20_2,8877.0
DNA39_PosCtrl,8789.0
DNA12_PosCtrl,8770.0
Lavaux_2023-08-24_soil_Plot12,8512.0
Lavaux_2021-08-31_soil_Plot18,8508.0
Lavaux_2022-03-08_soil_Plot5,8315.0
MV_Post-MLF_Plot4_2023-12-11,8138.0
MV_Post-AF_Plot4_2022-09-30,8131.0
Lavaux_2022-03-08_soil_Plot18,8033.0
Valais_75,7964.0
Grenchen_2022-10-20_1C,7478.0
Lavaux_2021-08-31_soil_Plot4,7416.0
Lavaux_2021-08-31_soil_Plot14,7365.0
Lavaux_2022-03-08_soil_Plot9,7093.0
Lavaux_2021-09-30_must_Plot4_Row9/Vine20_ID6,7053.0
Lavaux_2021-08-31_soil_Plot9,7005.0
Lavaux_2021-09-30_must_Plot18_Row5/Vine14_ID188,6602.0
Grenchen_2022-07-02_2B,6478.0
Erlenbach_2022-06-03_1,6192.0
Muraz_1_17-08-2023_soil,6038.0
Grenchen_2022-10-20_2C,5845.0
Valais_26,5708.0
Erlenbach_2022-06-30_1,5588.0
Lavaux_2023-05-10_soil_Plot12,5236.0
Lavaux_2022-08-10_bark_Plot14,5176.0
MV_Post-AF_Plot9_2022-09-30,4969.0
Valais_2,4885.0
Grenchen_2023-10-10_2A,4752.0
Valais_78,4697.0
Lavaux_2023-09-20_must_Plot13_RepC,4488.0
Lavaux_2021-09-30_must_Plot9_Row9/Vine40_ID51,4477.0
Valais_7,4454.0
Erlenbach_2023-10-10_4,4232.0
MV_Post-AF_Plot20_2022-09-30,4089.0
Lavaux_2021-09-30_must_Plot20_Row5/Vine20_ID204,4079.0
Leuk_1_17-08-2023_soil,4037.0
Erlenbach_2023-10-10_1,3940.0
Lavaux_2023-05-10_soil_Plot14,3820.0
Lavaux_2021-09-30_must_Plot11_Row7/Vine15_ID68,3533.0
Lavaux_2023-05-10_soil_Plot20,3524.0
Erlenbach_2023-06-20_6,3452.0
Grenchen_2022-10-20_2A,3432.0
DNA24_posCtrl_2,3348.0
DNA31_NegCtrl,3303.0
Valais_4,3256.0
Lavaux_2023-08-24_soil_Plot20,3224.0
Erlenbach_2023-10-10_2,3203.0
MV_Post-AF_Plot13_2023-10-11,3187.0
Strickhof_05-09-2023_soil,3024.0
Grenchen_2023-10-10_1A,2935.0
Erlenbach_2023-10-10_6,2908.0
21DL07S_BL30_wine,2839.0
DNA17_PosCtrl,2680.0
MV_Post-AF_Plot17_2022-09-30,2653.0
Valais_23,2633.0
Lavaux_2022-08-10_soil_Plot12,2581.0
Lavaux_2021-09-30_must_Plot11_Row6/Vine22_ID66,2556.0
Lavaux_2023-08-24_soil_Plot17,2550.0
Valais_98,2537.0
DNA40_PosCtrl,2495.0
Lavaux_2021-09-30_must_Plot15_Row4/Vine10_ID122,2468.0
Valais_25,2363.0
MV_Must_Plot20_2022-09-13,2305.0
Lavaux_2021-09-30_must_Plot5_Row2/Vine30_ID26,2270.0
Lavaux_2023-08-24_bark_Plot14,2193.0
DNA15_PosCtrl,2187.0
22DL07_5656_lees,2164.0
Lavaux_2023-08-24_soil_Plot14,2139.0
Erlenbach_2023-10-10_3,2121.0
Lavaux_2021-09-30_must_Plot18_Row11/Vine14_ID194,2017.0
Lavaux_2023-09-20_must_Plot13_RepA,2001.0
Lavaux_2023-08-24_soil_Plot13,1996.0
Lavaux_2021-09-30_must_Plot12_Row6/Vine11_ID88,1983.0
Leytron_Agroscope4_17-08-2023_soil,1948.0
Valais_34,1915.0
Lavaux_2021-09-30_must_Plot17_Row11/Vine20_ID167,1867.0
Grenchen_2023-10-10_2C,1821.0
Lavaux_2021-09-30_must_Plot15_Row11/Vine20_ID135,1815.0
Valais_62,1770.0
Lavaux_2021-09-30_must_Plot20_Row4/Vine30_ID203,1759.0
Lavaux_2021-09-30_must_Plot18_Row4/Vine8_ID187,1733.0
Lavaux_2023-09-20_must_Plot20_RepA,1730.0
Lavaux_2021-09-30_must_Plot20_Row2/Vine30_ID200b,1712.0
MV_Must_Plot15_2022-09-13,1700.0
Leytron_Agroscope1_17-08-2023_soil,1684.0
Erlenbach_2022-08-11_1,1670.0
Lavaux_2021-09-30_must_Plot11_Row3/Vine19_ID59,1669.0
Valais_35,1643.0
Lavaux_2021-09-30_must_Plot17_Row12/Vine10_ID169,1631.0
Erlenbach_2022-10-20_1,1627.0
MV_Must_Plot19_2022-09-13,1601.0
21DL02S_1090_lees,1584.0
Lavaux_2022-08-10_soil_Plot19,1575.0
Lavaux_2023-09-20_must_Plot15_RepC,1552.0
MV_Must_Plot13_2023-09-23,1521.0
Valais_30,1481.0
Miege_3_30-08-2023_berries,1407.0
Fluntern_2023-10-10_1C,1395.0
Lavaux_2023-09-20_must_Plot4_RepD,1347.0
Erlenbach_2023-08-23_5,1320.0
DNA11_PosCtrl_2,1316.0
DNA42_PosCtrl,1252.0
Valais_94,1208.0
Valais_66,1184.0
Valais_84,1184.0
MV_Must_Plot9_2022-09-13,1183.0
Fluntern_2023-10-10_1B,1175.0
DNA14_PosCtrl_2,1161.0
Lavaux_2023-08-24_bark_Plot9,1156.0
Lavaux_2023-09-20_must_Plot19_RepB,1127.0
MV_Post-AF_Plot20_2023-10-11,1099.0
Valais_93,1089.0
Erlenbach_2023-08-23_3,1060.0
Valais_90,1030.0
Valais_87,1002.0
Lavaux_2023-08-24_bark_Plot20,1001.0
Lavaux_2021-09-30_must_Plot14_Row17/Vine10_ID118,993.0
Lavaux_2023-08-24_soil_Plot9,988.0
Valais_17,975.0
Valais_13,941.0
SB_must_RT_immediately_3,926.0
Lavaux_2021-09-30_must_Plot17_Row3/Vine25_ID147,903.0
Valais_11,893.0
Grenchen_2022-07-02_1B,889.0
Valais_22,867.0
visc_4deg_2,855.0
Lavaux_2022-09-09_must_Plot19_RepE,823.0
Lavaux_2021-09-30_must_Plot9_Row8/Vine30_ID49,778.0
empty,762.0
Erlenbach_2022-08-11_3,759.0
Lavaux_2021-08-31_bark_Plot11,757.0
Lavaux_2021-09-30_must_Plot12_Row4/Vine50_ID84,754.0
Lavaux_2021-09-30_must_Plot15_Row3/Vine20_ID121b,753.0
DNA15_NegCtrl,739.0
MV_Post-MLF_Plot5_2022-01-24,736.0
22DL01S_4609_wine,728.0
MV_Post-AF_Plot15_2023-10-11,717.0
DNA24_posCtrl_3,709.0
Sav_1_30-08-2023_berries,699.0
Valais_24,697.0
Lavaux_2021-09-30_must_Plot4_Row8/Vine30_ID5,696.0
Lavaux_2021-09-30_must_Plot18_Row7/Vine14_ID190,673.0
MV_Post-MLF_Plot13_2022-01-24,670.0
Lavaux_2021-09-30_must_Plot20_Row9/Vine20_ID210,660.0
Valais_21,650.0
Lavaux_2021-09-30_must_Plot20_Row3/Vine20_ID201,641.0
Valais_16,627.0
MV_Post-AF_Plot9_2023-10-11,627.0
Lavaux_2021-09-30_must_Plot15_Row13/Vine39_ID140,627.0
Valais_3,623.0
Erlenbach_2022-06-30_2,615.0
Lavaux_2021-09-30_must_Plot15_Row10/Vine30_ID134,612.0
MV_Must_Plot12_2023-09-23,610.0
Lavaux_2021-09-30_must_Plot15_Row11/Vine38_ID136,610.0
Valais_8,609.0
PCR1water_PCR2noPNA_2,607.0
Lavaux_2021-09-30_must_Plot17_Row14/Vine10_ID173,607.0
DNA42_NegCtrl,601.0
Lavaux_2021-09-30_must_Plot17_Row5/Vine20_ID153,600.0
MV_Post-MLF_Plot11_2022-01-24,600.0
22DL02M_4630_lees,588.0
Lavaux_2021-09-30_must_Plot4_Row10/Vine10_ID7,583.0
Valais_77,581.0
Leytron_Agroscope3_30-08-2023_berries,581.0
must_min20_3,578.0
SB_must_RT_immediately_1,576.0
21DL01S_2653_wine,571.0
Lavaux_2023-08-24_bark_Plot5,549.0
Lavaux_2021-09-30_must_Plot9_Row4/Vine10_ID40,547.0
Lavaux_2021-09-30_must_Plot18_Row9/Vine14_ID192,541.0
Rebhalde_05-09-2023_soil,534.0
Weinmanufaktur_14-09-2023_berries,529.0
Lavaux_2023-09-20_must_Plot15_RepE,526.0
Lavaux_2021-09-30_must_Plot17_Row14/Vine30_ID174,526.0
MV_Post-AF_Plot14_2023-10-11,524.0
MV_Post-AF_Plot12_2022-09-30,524.0
Lavaux_2021-09-30_must_Plot9_Row9/Vine20_ID50,524.0
,518.0
Valais_10,511.0
Lavaux_2021-09-30_must_Plot14_Row2/Vine4_ID103,508.0
Lavaux_2021-09-30_must_Plot15_Row12/Vine9_ID137,500.0
MV_Post-AF_Plot15_2022-09-30,497.0
Valais_80,494.0
Lavaux_2022-09-09_must_Plot15_RepD,491.0
must_4deg_3,487.0
Lavaux_2021-09-30_must_Plot18_Row3/Vine14_ID186,481.0
Lavaux_2021-09-30_must_Plot12_Row2/Vine10_ID76,480.0
must_min20_2,478.0
Hasenhalde_14-09-2023_berries,450.0
Lavaux_2021-09-30_must_Plot15_Row3/Vine20_ID121c,449.0
MV_Post-AF_Plot18_Rep2_2021-10-16,434.0
Lavaux_2021-09-30_must_Plot20_Row10/Vine10_ID211,432.0
MV_Post-MLF_Plot17_2022-01-24,430.0
Erlenbach_2022-06-03_3,429.0
Lavaux_2021-09-30_must_Plot18_Row6/Vine7_ID189,424.0
Lavaux_2022-08-10_must_Plot12,419.0
Lavaux_2021-09-30_must_Plot13_Row3/Vine30_ID98,412.0
MV_Post-AF_Plot19_Rep3_2021-10-16,411.0
Lavaux_2021-09-30_must_Plot17_Row4/Vine15_ID149,408.0
MV_Must_Plot14_2023-09-23,407.0
21DL08M_1885_lees,400.0
Valais_15,395.0
must_min20_1,395.0
Lavaux_2023-09-20_must_Plot12_RepE,387.0
Lavaux_2021-09-30_must_Plot15_Row6/Vine10_ID126,379.0
Baur_Wein_05-09-2023_soil,376.0
DO NOT USE (DUPLICATE),374.0
MV_Post-AF_Plot5_Rep1_2021-10-16,360.0
Lavaux_2021-09-30_must_Plot12_Row2/Vine30_ID77,358.0
Hasenhalde_05-09-2023_soil,358.0
Lavaux_2023-09-20_must_Plot4_RepE,357.0
MV_Post-AF_Plot11_Rep3_2021-10-16,355.0
SB_must_RT_24h_3,354.0
Grenchen_2021-10-13_soil_1C,352.0
Lavaux_2021-09-30_must_Plot17_Row7/Vine40_ID160,350.0
empty,349.0
Ruetihof_14-09-2023_berries,348.0
Valais_33,346.0
Lavaux_2021-09-30_must_Plot12_Row3/Vine41_ID80,343.0
SB_must_RT_24h_2,343.0
Lavaux_2021-09-30_must_Plot11_Row4/Vine32_ID62,340.0
SB_water_berry_sonication_1,339.0
DNA24_posCtrl_4,337.0
Valais_14,337.0
Lavaux_2021-08-31_leaf_Plot5,336.0
Lavaux_2021-09-30_must_Plot20_Row16/Vine10_ID218,326.0
Lavaux_2023-09-20_must_Plot5_RepE,320.0
MV_Post-MLF_Plot14_2022-01-24,319.0
DNA24_negCtrl_3,318.0
Lavaux_2023-09-20_must_Plot15_RepA,313.0
Lavaux_2023-09-20_must_Plot12_RepB,310.0
Diederik_14-09-2023_berries,308.0
SB_PBS_berry_sonication_1,307.0
Lavaux_2023-09-20_must_Plot20_RepE,303.0
Lavaux_2021-09-30_must_Plot14_Row6/Vine12_ID107,301.0
DO NOT USE (DUPLICATE),300.0
21DL01S_2653_lees,295.0
Lavaux_2021-09-30_must_Plot17_Row10/Vine30_ID166,291.0
Lavaux_2022-09-09_must_Plot13_RepB,290.0
Lavaux_2022-03-08_soil_Plot14,289.0
Lavaux_2021-08-31_must_Plot15,288.0
Lavaux_2021-09-30_must_Plot20_Row15/Vine5_ID217,287.0
Strickhof_14-09-2023_berries,287.0
Lavaux_2022-08-10_must_Plot13,287.0
Lavaux_2021-09-30_must_Plot15_Row4/Vine30_ID123,286.0
Lavaux_2023-08-24_bark_Plot12,281.0
22DL04M_8419_wine,280.0
Ruetihof_05-09-2023_soil,279.0
MV_Post-AF_Plot11_Rep1_2021-10-16,277.0
Lavaux_2021-09-30_must_Plot17_Row12/Vine30_ID170,276.0
Lavaux_2021-09-30_must_Plot17_Row13/Vine20_ID171,274.0
Lavaux_2021-09-30_must_Plot17_Row8/Vine10_ID161,274.0
DO NOT USE (DUPLICATE),269.0
DO NOT USE (DUPLICATE),267.0
visc_min20_2,266.0
Lavaux_2021-09-30_must_Plot4_Row14/Vine10_ID13,264.0
DNA38_NegCtrl,264.0
DO NOT USE (DUPLICATE),263.0
Lavaux_2023-09-20_must_Plot12_RepD,261.0
22DL05S_7101_lees,261.0
Champlan_1_30-08-2023_berries,260.0
Lavaux_2022-09-09_must_Plot9_RepA,260.0
Muraz_1_30-08-2023_berries,259.0
Valais_6,258.0
MV_Post-MLF_Plot12_2023-12-11,258.0
Lavaux_2023-09-20_must_Plot9_RepA,256.0
Lavaux_2022-08-10_bark_Plot20,255.0
DO NOT USE (DUPLICATE),253.0
SB_gylcerol_berry_sonication_2,249.0
Lavaux_2023-09-20_must_Plot17_RepA,248.0
Lavaux_2021-09-30_must_Plot12_Row5/Vine60_ID87,248.0
DNA16_NegCtrl,247.0
Lavaux_2021-09-30_must_Plot19_Row3/Vine10_ID196,246.0
PCR1water_PCR2PNA_1,240.0
Lavaux_2023-08-24_leaf_Plot13_washed,239.0
DO NOT USE (DUPLICATE),239.0
Lavaux_2021-09-30_must_Plot12_Row7/Vine40_ID92,239.0
22DL05S_4763_lees,238.0
SB_PBS_berry_sonication_2,237.0
Lavaux_2021-09-30_must_Plot11_Row2/Vine31_ID57,235.0
SB_NaCl_sol_berry_sonication_3,233.0
visc_4deg_1,232.0
Lavaux_2021-09-30_must_Plot17_Row10/Vine10_ID165,230.0
Lavaux_2022-09-09_must_Plot19_RepC,230.0
Valais_29,230.0
Lavaux_2021-09-30_must_Plot4_Row12/Vine10_ID10,230.0
Valais_67,229.0
Lavaux_2021-09-30_must_Plot13_Row3/Vine10_ID97,227.0
Lavaux_2021-09-30_must_Plot17_Row8/Vine32_ID162,225.0
Grenchen_2022-10-20_1A,225.0
22DL07_8069_wine,224.0
Grenchen_2022-07-02_2A_grapes,222.0
,221.0
MV_Post-MLF_Plot4_2022-01-24,220.0
MV_Must_Plot5_2022-09-13,219.0
Lavaux_2021-09-30_must_Plot20_Row8/Vine11_ID208,216.0
Lavaux_2021-09-30_must_Plot17_Row5/Vine40_ID155,215.0
Lavaux_2021-08-31_leaf_Plot20,214.0
Lavaux_2021-09-30_must_Plot13_Row1/Vine10_ID94,212.0
Lavaux_2021-09-30_must_Plot13_Row2/Vine20_ID96,212.0
Baur_Wein_14-09-2023_berries,211.0
PCR1water_PCR2water-PNA_1,211.0
Erlenbach_2022-06-30_3,209.0
visc_min20_1,208.0
Lavaux_2023-09-20_must_Plot15_RepB,208.0
Valais_9,205.0
Lavaux_2023-09-20_must_Plot20_RepD,202.0
MV_Post-AF_Plot12_Rep3_2021-10-16,199.0
empty,196.0
Valais_37,194.0
Lavaux_2021-09-30_must_Plot18_Row10/Vine7_ID193,193.0
SB_must_min20_1month_3,193.0
Valais_56,193.0
Valais_36,193.0
Valais_64,192.0
Grenchen_2022-07-02_2C_grapes,191.0
DNA41_negCtrl_2,191.0
Lavaux_2021-09-30_must_Plot17_Row9/Vine20_ID163,189.0
Lavaux_2021-08-31_must_Plot11,187.0
Lavaux_2021-09-30_must_Plot12_Row5/Vine20_ID85,187.0
,184.0
Lavaux_2021-09-30_must_Plot17_Row13/Vine40_ID172,184.0
MV_Must_Plot15_2023-09-23,182.0
MV_Post-AF_Plot19_2023-10-11,177.0
Lavaux_2021-09-30_must_Plot17_Row17/Vine40_ID180,176.0
Lavaux_2022-09-09_must_Plot5_RepE,176.0
DO NOT USE (DUPLICATE),176.0
Valais_89,176.0
Lavaux_2022-08-10_must_Plot11,176.0
Lavaux_2021-09-30_must_Plot12_Row7/Vine60_ID93,175.0
MV_Must_Plot20_2023-09-23,174.0
Leytron_Agroscope4_30-08-2023_berries,173.0
Lavaux_2022-09-09_must_Plot12_RepD,173.0
Lavaux_2022-09-09_must_Plot15_RepC,173.0
Lavaux_2021-09-30_must_Plot20_Row8/Vine30_ID209,173.0
DO NOT USE (DUPLICATE),173.0
Lavaux_2023-08-24_bark_Plot17,172.0
Lavaux_2023-09-20_must_Plot9_RepE,172.0
Lavaux_2021-09-30_must_Plot4_Row16/Vine10_ID16,171.0
Lavaux_2021-08-31_must_Plot17,169.0
Lavaux_2021-09-30_must_Plot19_Row4/Vine11_ID198,169.0
Lavaux_2021-09-30_must_Plot11_Row4/Vine50_ID63,168.0
Lavaux_2022-09-09_must_Plot19_RepD,167.0
DO NOT USE (DUPLICATE),166.0
Lavaux_2021-08-31_soil_Plot20,166.0
DO NOT USE (DUPLICATE),166.0
Lavaux_2021-09-30_must_Plot14_Row10/Vine4_ID111,166.0
Lavaux_2022-09-09_must_Plot5_RepD,165.0
MV_Post-MLF_Plot17_2023-12-11,165.0
Lavaux_2021-09-30_must_Plot17_Row18/Vine20_ID182,165.0
Lavaux_2021-08-31_must_Plot13,164.0
Valais_82,162.0
Valais_55,160.0
Lavaux_2021-09-30_must_Plot15_Row8/Vine10_ID130,160.0
PCR1water_PCR2water-noPNA_1,159.0
22DL01S_4609_lees,158.0
Lavaux_2021-09-30_must_Plot15_Row8/Vine29_ID131c,158.0
Lavaux_2023-08-24_bark_Plot13,158.0
visc_min20_3,157.0
MV_Post-MLF_Plot20_2022-01-24,156.0
SB_must_4deg_24h_2,155.0
22DL03S_8059_wine,155.0
Lavaux_2021-09-30_must_Plot13_Row4/Vine20_ID99,154.0
must_4deg_1,154.0
DO NOT USE (DUPLICATE),153.0
Lavaux_2021-08-31_leaf_Plot9_washed,153.0
Valais_27,150.0
empty,150.0
Lavaux_2021-09-30_must_Plot20_Row7/Vine20_ID207,149.0
Lavaux_2021-09-30_must_Plot14_Row7/Vine8_ID108,146.0
DO NOT USE (DUPLICATE),145.0
Lavaux_2021-09-30_must_Plot15_Row13/Vine20_ID139,145.0
Valais_19,145.0
SB_must_RT_immediately_2,144.0
empty,144.0
Lavaux_2021-09-30_must_Plot12_Row2/Vine50_ID78,143.0
Valais_69,143.0
Lavaux_2021-09-30_must_Plot14_Row16/Vine4_ID117,142.0
22DL07_5656_wine,141.0
DO NOT USE (DUPLICATE),141.0
empty,140.0
DO NOT USE (DUPLICATE),140.0
Valais_12,138.0
MV_Post-AF_Plot4_Rep1_2021-10-16,137.0
Lavaux_2022-08-10_must_Plot15,137.0
Valais_51,137.0
Sav_3_30-08-2023_berries,136.0
Lavaux_2021-09-30_must_Plot20_Row10/Vine30_ID212,135.0
21DL05S_2751_lees,135.0
Lavaux_2022-09-09_must_Plot12_RepC,135.0
SB_PBS_berry_wash_2,134.0
Rebhalde_14-09-2023_berries,134.0
SB_must_4deg_72h_1,134.0
Wine_by_Jet_14-09-2023_berries,133.0
SB_must_4deg_24h_3,132.0
21DL02S_51_lees,132.0
Lavaux_2021-09-30_must_Plot12_Row4/Vine30_ID83,132.0
SB_PBS_berry_sonication_3,132.0
DO NOT USE (DUPLICATE),131.0
SB_gylcerol_berry_wash_1,131.0
Lavaux_2021-09-30_must_Plot20_Row2/Vine11_ID199,131.0
22DL04M_5657_wine,131.0
Lavaux_2023-09-20_must_Plot13_RepB,130.0
visc_4deg_3,130.0
PCR1water_PCR2water-PNA_2,129.0
Lavaux_2022-03-08_soil_Plot19,128.0
PCR1water_PCR2noPNA_1,127.0
Lavaux_2021-09-30_must_Plot17_Row15/Vine21_ID175,127.0
Lavaux_2023-09-20_must_Plot13_RepD,126.0
21DL07M_1083_wine,125.0
21DL06M_54_lees,125.0
Lavaux_2023-09-20_must_Plot12_RepA,125.0
MV_Post-AF_Plot17_2023-10-11,125.0
Lavaux_2021-08-31_must_Plot5,124.0
Lavaux_2022-08-10_must_Plot9,124.0
DO NOT USE (DUPLICATE),123.0
22DL03S_4618_lees,123.0
22DL04M_8415_wine,123.0
,123.0
DO NOT USE (DUPLICATE),121.0
,120.0
empty,118.0
Lavaux_2022-09-09_must_Plot5_RepC,118.0
22DL02M_4622_wine,116.0
Lavaux_2023-09-20_must_Plot20_RepB,115.0
Valais_32,115.0
DO NOT USE (DUPLICATE),115.0
empty,114.0
DO NOT USE (DUPLICATE),114.0
,114.0
22DL04M_4621_wine,113.0
Lavaux_2021-09-30_must_Plot11_Row9/Vine20_ID74,113.0
Lavaux_2021-08-31_leaf_Plot19_washed,112.0
MV_Post-AF_Plot20_Rep3_2021-10-16,111.0
DNA41_negCtrl_1,111.0
22DL05S_5653_wine,111.0
Lavaux_2021-09-30_must_Plot13_Row1/Vine30_ID95,110.0
Lavaux_2021-09-30_must_Plot15_Row7/Vine39_ID129b,110.0
22DL04M_4761_wine,110.0
Lavaux_2021-09-30_must_Plot17_Row4/Vine25_ID150,110.0
DNA12_NegCtrl,109.0
Lavaux_2023-08-24_bark_Plot15,109.0
Lavaux_2023-09-20_must_Plot19_RepE,107.0
Lavaux_2023-09-20_must_Plot19_RepD,107.0
,106.0
MV_Post-MLF_Plot19_2023-12-11,106.0
Lavaux_2021-08-31_leaf_Plot5_washed,105.0
Valais_88,105.0
Lavaux_2021-09-30_must_Plot15_Row7/Vine39_ID129c,105.0
22DL07_102_wine,104.0
Lavaux_2021-09-30_must_Plot17_Row16/Vine10_ID177,104.0
Valais_28,103.0
Lavaux_2023-08-24_must_Plot20,103.0
MV_Post-AF_Plot12_2023-10-11,103.0
PCR1water_PCR2water-noPNA_2,102.0
DO NOT USE (DUPLICATE),102.0
empty,102.0
Valais_20,102.0
SB_must_4deg_1wk_2,102.0
Lavaux_2021-08-31_leaf_Plot15,102.0
Lavaux_2021-09-30_must_Plot17_Row3/Vine15_ID146,101.0
Lavaux_2022-08-10_soil_Plot9,101.0
Lavaux_2021-09-30_must_Plot5_Row6/Vine30_ID37b,100.0
Lavaux_2021-09-30_must_Plot9_Row4/Vine30_ID41,99.0
Lavaux_2021-09-30_must_Plot12_Row6/Vine31_ID89,99.0
Lavaux_2023-09-20_must_Plot9_RepD,98.0
Lavaux_2022-08-10_bark_Plot17,98.0
P10_PCR-_PCR1_20240918,98.0
22DL02M_5661_wine,97.0
DO NOT USE (DUPLICATE),97.0
DO NOT USE (DUPLICATE),96.0
Lavaux_2021-08-31_must_Plot18,96.0
MV_Post-AF_Plot18_Rep1_2021-10-16,96.0
Lavaux_2021-08-31_soil_Plot13,96.0
SB_must_4deg_24h_1,96.0
visc_blank_1,95.0
Valais_95,95.0
Lavaux_2023-09-20_must_Plot19_RepA,95.0
Lavaux_2021-09-30_must_Plot11_Row9/Vine40_ID75,94.0
MV_Post-AF_Plot13_Rep1_2021-10-16,94.0
Lavaux_2021-09-30_must_Plot15_Row7/Vine20_ID128a,93.0
DO NOT USE (DUPLICATE),92.0
MV_Must_Plot14_2022-09-13,91.0
Lavaux_2021-09-30_must_Plot17_Row17/Vine20_ID179,91.0
Lavaux_2021-09-30_must_Plot14_Row13/Vine10_ID114,90.0
empty,90.0
Lavaux_2023-08-24_leaf_Plot17_washed,90.0
Lavaux_2022-08-10_bark_Plot13,90.0
Lavaux_2021-09-30_must_Plot17_Row5/Vine45_ID156,89.0
DO NOT USE (DUPLICATE),89.0
SB_water_berry_sonication_3,89.0
MV_Post-AF_Plot12_Rep2_2021-10-16,88.0
SB_must_RT_24h_1,87.0
Valais_18,86.0
empty,86.0
MV_Post-MLF_Plot19_2022-01-24,85.0
MV_Post-AF_Plot9_Rep3_2021-10-16,85.0
DNA24_negCtrl_2,84.0
DO NOT USE (DUPLICATE),84.0
,84.0
Lavaux_2021-09-30_must_Plot15_Row5/Vine20_ID124,83.0
do not use,83.0
Lavaux_2022-09-09_must_Plot13_RepC,83.0
Lavaux_2023-09-20_must_Plot19_RepC,83.0
MV_Post-AF_Plot14_Rep1_2021-10-16,83.0
cotton_blank2,82.0
visc_blank_3,82.0
DO NOT USE (DUPLICATE),81.0
PCR1water_PCR2PNA_2,81.0
Grenchen_2023-10-10_1C_grapes,81.0
,80.0
Lavaux_2022-08-10_must_Plot20,80.0
Lavaux_2021-09-30_must_Plot5_Row5/Vine20_ID33,80.0
Lavaux_2023-09-20_must_Plot9_RepB,80.0
Lavaux_2021-09-30_must_Plot4_Row8/Vine10_ID4,78.0
SB_swab(cotton)_4deg_24h_1,78.0
Lavaux_2021-09-30_must_Plot20_Row16/Vine20_ID219,78.0
Lavaux_2022-09-09_must_Plot13_RepA,78.0
Grenchen_2023-10-10_1B_grapes,78.0
Valais_61,78.0
must_4deg_2,78.0
Lavaux_2023-08-24_leaf_Plot20_washed,77.0
DO NOT USE (DUPLICATE),77.0
MV_Post-AF_Plot4_Rep2_2021-10-16,77.0
Lavaux_2021-09-30_must_Plot4_Row15/Vine20_ID15,77.0
Lavaux_2023-09-20_must_Plot17_RepE,77.0
empty,76.0
Grenchen_2022-07-02_1B_grapes,76.0
,76.0
MV_Post-AF_Plot4_Rep3_2021-10-16,75.0
Lavaux_2021-09-30_must_Plot18_Row2/Vine7_ID185,75.0
Valais_65,75.0
Lavaux_2021-09-30_must_Plot5_Row5/Vine41_ID34,75.0
,75.0
MV_Post-AF_Plot13_Rep3_2021-10-16,75.0
Lavaux_2023-09-20_must_Plot4_RepB,74.0
Lavaux_2021-09-30_must_Plot11_Row2/Vine10_ID56,74.0
Lavaux_2021-08-31_must_Plot4,74.0
DO NOT USE (DUPLICATE),73.0
DO NOT USE (DUPLICATE),73.0
Grenchen_2023-08-23_2A_grapes,73.0
Valais_59,72.0
Grenchen_2023-08-23_2B_grapes,72.0
DO NOT USE (DUPLICATE),72.0
P09_PCR-_PCR1_20240918,72.0
visc_blank_2,72.0
SB_NaCl_sol_berry_wash_1,71.0
Lavaux_2021-09-30_must_Plot5_Row6/Vine30_ID37,71.0
Lavaux_2021-09-30_must_Plot14_Row8/Vine4_ID109,71.0
22DL05S_4763_wine,70.0
Lavaux_2023-09-20_must_Plot4_RepA,70.0
,69.0
Lavaux_2021-09-30_must_Plot20_Row12/Vine11_ID214,69.0
Lavaux_2021-09-30_must_Plot14_Row14/Vine4_ID115,68.0
Lavaux_2021-09-30_must_Plot9_Row10/Vine31_ID53,67.0
Lavaux_2021-09-30_must_Plot12_Row7/Vine20_ID91,66.0
SB_PBS_berry_wash_3,66.0
Valais_74,64.0
MV_Post-AF_Plot15_Rep1_2021-10-16,62.0
,61.0
empty,61.0
Lavaux_2021-09-30_must_Plot15_Row14/Vine10_ID141,60.0
Lavaux_2021-09-30_must_Plot4_Row21/Vine20_ID24,60.0
Lavaux_2021-08-31_must_Plot14,60.0
SB_water_berry_sonication_2,60.0
Leytron_Agroscope2_30-08-2023_berries,59.0
DO NOT USE (DUPLICATE),59.0
Lavaux_2021-08-31_leaf_Plot4,59.0
21DL07S_3810_wine,59.0
Lavaux_2021-09-30_must_Plot9_Row2/Vine10_ID38,58.0
21DL09_1895_wine,58.0
Valais_72,58.0
MV_Must_Plot4_2023-09-23,57.0
Lavaux_2023-08-24_leaf_Plot14_washed,57.0
Valais_97,57.0
DNA24_posCtrl_1,57.0
Lavaux_2022-09-09_must_Plot9_RepE,57.0
21DL08M_1883_wine,57.0
Lavaux_2021-09-30_must_Plot11_Row6/Vine40_ID67,57.0
MV_Post-AF_Plot14_Rep2_2021-10-16,57.0
Lavaux_2022-09-09_must_Plot15_RepB,56.0
Lavaux_2022-08-10_leaf_Plot17_washed,55.0
Lavaux_2021-09-30_must_Plot14_Row5/Vine8_ID105,55.0
Lavaux_2022-08-10_leaf_Plot11_washed,55.0
Lavaux_2022-03-08_soil_Plot20,55.0
MV_Post-AF_Plot13_Rep2_2021-10-16,55.0
DO NOT USE (DUPLICATE),54.0
MV_Post-AF_Plot5_2023-10-11,54.0
Lavaux_2021-08-31_leaf_Plot11,53.0
,53.0
Lavaux_2021-08-31_must_Plot19,53.0
SB_must_4deg_72h_2,52.0
MV_Must_Plot17_2022-09-13,52.0
DO NOT USE (DUPLICATE),52.0
DO NOT USE (DUPLICATE),52.0
SB_NaCl_sol_berry_wash_2,51.0
Lavaux_2021-09-30_must_Plot15_Row12/Vine30_ID138,51.0
SB_must_min80_1month_1,50.0
Lavaux_2021-08-31_leaf_Plot12_washed,50.0
22DL03S_5660_wine,50.0
,50.0
Lavaux_2022-09-09_must_Plot19_RepB,49.0
cotton_blank1,49.0
Grenchen_2023-08-23_1C_grapes,48.0
Valais_79,48.0
DO NOT USE (DUPLICATE),48.0
DNA24_negCtrl_4,47.0
Valais_5,45.0
Lavaux_2022-09-09_must_Plot13_RepD,45.0
Lavaux_2021-09-30_must_Plot17_Row16/Vine30_ID178,45.0
Lavaux_2021-09-30_must_Plot17_Row2/Vine5_ID144,45.0
Lavaux_2021-09-30_must_Plot4_Row11/Vine20_ID9,45.0
MV_Must_Plot5_2023-09-23,44.0
Lavaux_2021-09-30_must_Plot14_Row11/Vine8_ID112,44.0
Lavaux_2021-09-30_must_Plot17_Row7/Vine21_ID159,44.0
Lavaux_2021-09-30_must_Plot14_Row15/Vine9_ID116,43.0
Lavaux_2022-09-09_must_Plot12_RepE,43.0
Lavaux_2021-08-31_leaf_Plot13_washed,42.0
SB_must_min20_24h_3,42.0
Lavaux_2023-09-20_must_Plot14_RepA,42.0
Lavaux_2021-09-30_must_Plot9_Row11/Vine22_ID54,42.0
22DL01S_5665_wine,42.0
MV_Post-AF_Plot19_Rep1_2021-10-16,42.0
Grenchen_2023-08-23_1A_grapes,40.0
Lavaux_2021-09-30_must_Plot4_Row20/Vine30_ID23,40.0
22DL05S_7101_wine,40.0
Lavaux_2021-09-30_must_Plot17_Row3/Vine10_ID145,40.0
Lavaux_2021-09-30_must_Plot5_Row2/Vine50_ID27,40.0
Lavaux_2023-09-20_must_Plot5_RepD,40.0
Lavaux_2022-09-09_must_Plot4_RepA,40.0
Lavaux_2021-09-30_must_Plot17_Row6/Vine30_ID158b,39.0
do not use,38.0
22DL05M_89_lees,38.0
Lavaux_2022-09-09_must_Plot17_RepA,37.0
SB_NaCl_sol_berry_sonication_2,37.0
Valais_85,37.0
MV_Post-AF_Plot9_Rep1_2021-10-16,37.0
Lavaux_2021-09-30_must_Plot15_Row2/Vine11_ID120,37.0
22DL02M_4630_wine,36.0
Lavaux_2021-09-30_must_Plot4_Row12/Vine30_ID11,36.0
Lavaux_2021-09-30_must_Plot5_Row2/Vine10_ID25,36.0
MV_Post-MLF_Plot20_2023-12-11,36.0
22DL04M_4761_lees,36.0
SB_must_4deg_72h_3,35.0
SB_must_min80_1wk_2,35.0
21DL06S_1094_lees,35.0
MV_Post-AF_Plot15_Rep2_2021-10-16,34.0
MV_Post-AF_Plot19_Rep2_2021-10-16,34.0
Valais_53,34.0
Grenchen_2023-08-23_2C_grapes,34.0
DO NOT USE (DUPLICATE),33.0
Lavaux_2021-09-30_must_Plot9_Row3/Vine20_ID39,33.0
Valais_73,33.0
Lavaux_2023-08-24_must_Plot5,33.0
DNA17_NegCtrl,33.0
MV_Post-AF_Plot17_Rep1_2021-10-16,32.0
Valais_63,32.0
SB_must_4deg_1wk_3,32.0
MV_Post-AF_Plot14_Rep3_2021-10-16,32.0
MV_Post-AF_Plot5_Rep2_2021-10-16,31.0
cotton_blank3,31.0
Lavaux_2023-09-20_must_Plot9_RepC,31.0
21DL07M_2198_wine,31.0
Lavaux_2023-09-20_must_Plot14_RepD,31.0
DO NOT USE (DUPLICATE),31.0
Lavaux_2022-09-09_must_Plot4_RepC,30.0
Lavaux_2021-09-30_must_Plot12_Row5/Vine40_ID86,30.0
Lavaux_2023-09-20_must_Plot5_RepA,30.0
DO NOT USE (DUPLICATE),30.0
Valais_38,30.0
Lavaux_2022-09-09_must_Plot20_RepB,30.0
SB_gylcerol_berry_wash_2,30.0
Lavaux_2021-09-30_must_Plot17_Row6/Vine30_ID158a,29.0
Lavaux_2023-09-20_must_Plot15_RepD,29.0
MV_Post-AF_Plot20_Rep1_2021-10-16,29.0
Lavaux_2021-09-30_must_Plot14_Row4/Vine4_ID104,28.0
Lavaux_2022-09-09_must_Plot15_RepA,28.0
Lavaux_2021-09-30_must_Plot20_Row14/Vine10_ID216,27.0
SB_gylcerol_berry_sonication_1,27.0
Lavaux_2023-09-20_must_Plot13_RepE,27.0
Lavaux_2022-08-10_leaf_Plot9_washed,27.0
Lavaux_2021-08-31_leaf_Plot12_1,26.0
MV_Post-AF_Plot17_Rep3_2021-10-16,26.0
Lavaux_2022-09-09_must_Plot14_RepE,26.0
MV_Post-AF_Plot20_Rep2_2021-10-16,26.0
Lavaux_2021-08-31_must_Plot20,25.0
Lavaux_2023-08-24_must_Plot13,25.0
Lavaux_2021-09-30_must_Plot4_Row19/Vine20_ID21,25.0
empty,25.0
Valais_68,25.0
Lavaux_2022-09-09_must_Plot9_RepB,25.0
MV_Post-AF_Plot11_Rep2_2021-10-16,25.0
empty,24.0
22DL03S_4618_wine,24.0
empty,24.0
SB_must_min80_1wk_1,24.0
Lavaux_2021-09-30_must_Plot11_Row7/Vine30_ID69,24.0
empty,24.0
empty,23.0
Leytron_Agroscope1_30-08-2023_berries,23.0
do not use,23.0
Lavaux_2021-09-30_must_Plot11_Row5/Vine41_ID65,23.0
Lavaux_2021-09-30_must_Plot15_Row6/Vine30_ID127,23.0
Lavaux_2023-08-24_leaf_Plot19_washed,22.0
Lavaux_2021-09-30_must_Plot9_Row5/Vine20_ID42,22.0
Lavaux_2022-09-09_must_Plot20_RepA,22.0
Lavaux_2022-09-09_must_Plot4_RepD,22.0
Lavaux_2022-08-10_must_Plot17,22.0
Lavaux_2021-08-31_soil_Plot5,22.0
Lavaux_2021-09-30_must_Plot9_Row5/Vine40_ID43,22.0
Lavaux_2021-09-30_must_Plot5_Row4/Vine10_ID30,22.0
Lavaux_2023-08-24_leaf_Plot14,21.0
SB_NaCl_sol_berry_wash_3,21.0
Valais_58,21.0
SB_swab(cotton)_freeze_immediately_3,21.0
21DL06M_BL25_wine,21.0
MV_Post-AF_Plot4_2023-10-11,21.0
Lavaux_2021-09-30_must_Plot4_Row16/Vine30_ID17,21.0
SB_water_berry_wash_3,21.0
Lavaux_2022-08-10_must_Plot4,20.0
empty,20.0
Valais_70,20.0
Lavaux_2021-09-30_must_Plot11_Row8/Vine30_ID72,19.0
Lavaux_2021-09-30_must_Plot15_Row7/Vine39_ID129a,19.0
Valais_92,19.0
Lavaux_2023-09-20_must_Plot17_RepD,19.0
Lavaux_2022-09-09_must_Plot4_RepB,19.0
Lavaux_2022-09-09_must_Plot17_RepE,18.0
Lavaux_2021-09-30_must_Plot17_Row6/Vine10_ID157,18.0
Lavaux_2022-08-10_leaf_Plot5_washed,18.0
Lavaux_2021-08-31_bark_Plot17,18.0
Lavaux_2022-08-10_leaf_Plot12_washed,17.0
DO NOT USE (DUPLICATE),17.0
Valais_31,17.0
Lavaux_2022-09-09_must_Plot13_RepE,17.0
Lavaux_2022-08-10_must_Plot14,17.0
Lavaux_2021-08-31_must_Plot9,17.0
Lavaux_2021-09-30_must_Plot15_Row14/Vine31_ID142,17.0
21DL07S_2199_wine,16.0
MV_Post-AF_Plot17_Rep2_2021-10-16,16.0
Lavaux_2021-08-31_must_Plot12,16.0
Lavaux_2021-09-30_must_Plot20_Row6/Vine10_ID205,16.0
MV_Post-AF_Plot15_Rep3_2021-10-16,16.0
DNA39_NegCtrl,16.0
Lavaux_2023-08-24_must_Plot9,16.0
22DL05M_5654_wine,16.0
Lavaux_2023-09-20_must_Plot20_RepC,16.0
Lavaux_2021-09-30_must_Plot9_Row8/Vine10_ID48,16.0
Valais_52,16.0
Valais_96,16.0
Lavaux_2023-09-20_must_Plot5_RepC,15.0
21DL09_1893_lees,15.0
Lavaux_2023-08-24_must_Plot19,15.0
Lavaux_2021-09-30_must_Plot9_Row6/Vine10_ID44,15.0
Lavaux_2023-09-20_must_Plot14_RepB,15.0
Lavaux_2023-08-24_leaf_Plot15_washed,15.0
Lavaux_2023-08-24_leaf_Plot4_washed,15.0
Lavaux_2022-08-10_leaf_Plot19_washed,14.0
21DL05S_4235_wine,14.0
Grenchen_2022-07-02_2B_grapes,14.0
Lavaux_2021-08-31_leaf_Plot17_washed,14.0
Lavaux_2021-09-30_must_Plot11_Row8/Vine11_ID71,14.0
SB_must_min20_1wk_1,14.0
Lavaux_2022-09-09_must_Plot20_RepC,14.0
DNA24_negCtrl_5,13.0
Lavaux_2021-09-30_must_Plot18_Row8/Vine7_ID191,13.0
Lavaux_2022-08-10_leaf_Plot13_washed,13.0
do not use,12.0
,12.0
Lavaux_2021-09-30_must_Plot15_Row7/Vine20_ID128b,12.0
P08_NegCtrl,12.0
DO NOT USE (DUPLICATE),12.0
DNA28_NegCtrl,12.0
Valais_81,12.0
,11.0
,11.0
Lavaux_2023-08-24_leaf_Plot13,11.0
MV_Post-MLF_Plot18_2022-01-24,11.0
Lavaux_2021-09-30_must_Plot11_Row8/Vine50_ID73,11.0
Lavaux_2023-08-24_leaf_Plot5,11.0
Lavaux_2023-09-20_must_Plot14_RepE,11.0
Lavaux_2021-09-30_must_Plot14_Row9/Vine10_ID110,11.0
Lavaux_2023-09-20_must_Plot4_RepC,11.0
SB_must_min80_1wk_3,11.0
Lavaux_2022-09-09_must_Plot5_RepA,11.0
empty?,11.0
Lavaux_2023-08-24_leaf_Plot9_washed,11.0
Lavaux_2021-09-30_must_Plot15_Row9/Vine20_ID132,11.0
Grenchen_2023-08-23_1B_grapes,10.0
Lavaux_2021-09-30_must_Plot5_Row3/Vine40_ID29,10.0
22DL05M_8075_wine,10.0
SB_must_min20_1wk_3,10.0
Lavaux_2022-09-09_must_Plot9_RepC,10.0
SB_must_freeze_immediately_3,10.0
Lavaux_2021-09-30_must_Plot13_Row5/Vine31_ID101,10.0
Lavaux_2022-09-09_must_Plot15_RepE,10.0
Lavaux_2021-09-30_must_Plot17_Row5/Vine10_ID152,10.0
Lavaux_2021-09-30_must_Plot14_Row12/Vine4_ID113,10.0
Lavaux_2022-09-09_must_Plot9_RepD,9.0
21DL03M_4185_wine,9.0
SB_gylcerol_berry_wash_3,9.0
Lavaux_2021-09-30_must_Plot5_Row3/Vine20_ID28,9.0
Lavaux_2021-09-30_must_Plot17_Row11/Vine40_ID168,9.0
,9.0
do not use,9.0
Lavaux_2021-09-30_must_Plot9_Row11/Vine40_ID55,9.0
,9.0
19DMB_C13_wine,9.0
Valais_60,9.0
do not use,8.0
Lavaux_2021-09-30_must_Plot9_Row10/Vine10_ID52,8.0
SB_must_min20_24h_2,8.0
Lavaux_2021-09-30_must_Plot4_Row10/Vine30_ID8,8.0
do not use,8.0
Lavaux_2021-09-30_must_Plot5_Row6/Vine12_ID35,8.0
Lavaux_2022-09-09_must_Plot17_RepC,8.0
SB_swab(cotton)_4deg_24h_3,8.0
MV_Post-MLF_Plot15_2023-12-11,8.0
Lavaux_2021-08-31_leaf_Plot14_washed,8.0
Lavaux_2021-09-30_must_Plot4_Row6/Vine30_ID2,8.0
Grenchen_2022-07-02_1C_grapes,7.0
Lavaux_2022-09-09_must_Plot14_RepD,7.0
Lavaux_2021-09-30_must_Plot17_Row9/Vine40_ID164,7.0
21DL03M_2194_wine,7.0
Lavaux_2021-08-31_leaf_Plot13,7.0
21DL06M_54_wine,7.0
21DL06M_9060_wine,7.0
Lavaux_2021-09-30_must_Plot17_Row4/Vine35_ID151,7.0
Lavaux_2023-08-24_leaf_Plot9,7.0
Lavaux_2021-09-30_must_Plot13_Row6/Vine20_ID102,7.0
empty,7.0
Lavaux_2023-09-20_must_Plot14_RepC,7.0
SB_must_freeze_immediately_1,6.0
21DL09_1897_wine,6.0
Lavaux_2022-09-09_must_Plot20_RepD,6.0
21DL01S_2654_wine,6.0
Lavaux_2022-09-09_must_Plot4_RepE,6.0
Lavaux_2021-09-30_must_Plot17_Row18/Vine40_ID184,6.0
21DL06S_1080_wine,6.0
Lavaux_2021-08-31_leaf_Plot19,6.0
Grenchen_2023-10-10_1A_grapes,6.0
Lavaux_2023-08-24_bark_Plot4,6.0
Leuk_1_30-08-2023_berries,6.0
DO NOT USE (DUPLICATE),6.0
Valais_83,5.0
Valais_54,5.0
Lavaux_2022-09-09_must_Plot14_RepB,5.0
Lavaux_2022-08-10_leaf_Plot4_washed,5.0
21DL07M_BL31_wine,5.0
Lavaux_2021-09-30_must_Plot19_Row2/Vine5_ID195,5.0
21DL02S_1090_wine,5.0
Lavaux_2021-08-31_leaf_Plot18_washed,5.0
Lavaux_2021-09-30_must_Plot4_Row18/Vine30_ID20,5.0
DNA49_NegCtrl,5.0
SB_must_min80_1month_3,5.0
21DL01S_5295_wine,5.0
Lavaux_2021-09-30_must_Plot5_Row6/Vine20_ID36,5.0
DO NOT USE (DUPLICATE),5.0
MV_Must_Plot17_2023-09-23,5.0
Lavaux_2022-09-09_must_Plot14_RepC,4.0
MV_Post-AF_Plot13_2022-09-30,4.0
MV_Post-MLF_Plot15_2022-01-24,4.0
Lavaux_2023-09-20_must_Plot17_RepB,4.0
SB_must_min80_1month_2,4.0
Lavaux_2021-09-30_must_Plot15_Row3/Vine20_ID121a,4.0
Lavaux_2022-09-09_must_Plot17_RepB,4.0
Empty,4.0
Lavaux_2021-09-30_must_Plot12_Row4/Vine10_ID82,4.0
Lavaux_2021-09-30_must_Plot19_Row4/Vine5_ID197,4.0
Lavaux_2023-08-24_leaf_Plot4,4.0
Lavaux_2021-09-30_must_Plot9_Row7/Vine40_ID47,4.0
SB_must_min20_1wk_2,4.0
Lavaux_2022-09-09_must_Plot14_RepA,3.0
Lavaux_2021-09-30_must_Plot17_Row4/Vine5_ID148,3.0
Lavaux_2022-09-09_must_Plot12_RepA,3.0
Empty,3.0
DNA14_NegCtrl_2,3.0
Lavaux_2021-08-31_leaf_Plot14,3.0
Lavaux_2023-08-24_bark_Plot19,3.0
DO NOT USE (DUPLICATE),3.0
SB_must_min20_24h_1,3.0
Lavaux_2022-09-09_must_Plot12_RepB,3.0
21DL03M_2194_lees,3.0
Lavaux_2023-08-24_must_Plot15,3.0
Lavaux_2022-08-10_must_Plot19,3.0
SB_swab(cotton)_4deg_24h_2,3.0
SB_must_freeze_immediately_2,3.0
Lavaux_2023-08-24_must_Plot17,3.0
Lavaux_2021-08-31_leaf_Plot11_washed,3.0
do not use,3.0
Lavaux_2021-09-30_must_Plot9_Row6/Vine30_ID45,3.0
Lavaux_2021-09-30_must_Plot5_Row4/Vine50_ID32,3.0
Valais_76,3.0
Valais_91,3.0
Lavaux_2021-09-30_must_Plot15_Row8/Vine29_ID131a,3.0
do not use,3.0
Lavaux_2021-09-30_must_Plot11_Row3/Vine40_ID60,2.0
Lavaux_2021-09-30_must_Plot17_Row15/Vine40_ID176,2.0
Lavaux_2022-09-09_must_Plot20_RepE,2.0
SB_must_min20_1month_1,2.0
Mart_6_30-08-2023_berries,2.0
Lavaux_2021-09-30_must_Plot20_Row4/Vine10_ID202,2.0
21DL04M_1066_lees,2.0
21DL07S_BL30_lees,2.0
21DL02S_51_wine,2.0
21DL02S_6535_wine,2.0
21DL04M_52_wine,2.0
DNA40_NegCtrl,2.0
Lavaux_2021-09-30_must_Plot14_Row18/Vine4_ID119,2.0
Lavaux_2023-08-24_must_Plot14,2.0
Lavaux_2021-08-31_leaf_Plot18,2.0
Lavaux_2021-09-30_must_Plot14_Row6/Vine4_ID106,2.0
21DL06S_1081_wine,2.0
DO NOT USE (DUPLICATE),2.0
Lavaux_2021-08-31_leaf_Plot4_washed,2.0
Grenchen_2022-07-02_1A_grapes,2.0
Lavaux_2021-09-30_must_Plot4_Row20/Vine10_ID22,2.0
22DL01S_8054_wine,2.0
MV_Post-MLF_Plot12_2022-01-24,2.0
Lavaux_2021-09-30_must_Plot4_Row14/Vine30_ID14,2.0
MV_Post-AF_Plot18_Rep3_2021-10-16,2.0
Valais_86,2.0
Lavaux_2021-08-31_leaf_Plot15_washed,2.0
21DL08M_1885_wine,2.0
Lavaux_2021-09-30_must_Plot4_Row18/Vine10_ID19,1.0
cotton_tips_1,1.0
Lavaux_2021-09-30_must_Plot12_Row3/Vine60_ID81,1.0
Lavaux_2023-08-24_must_Plot12,1.0
DNA41_negCtrl_3,1.0
MV_Post-AF_Plot5_Rep3_2021-10-16,1.0
Lavaux_2022-09-09_must_Plot19_RepA,1.0
SB_gylcerol_berry_sonication_3,1.0
do not use,1.0
Lavaux_2022-09-09_must_Plot5_RepB,1.0
21DL05S_2206_wine,1.0
Lavaux_2021-09-30_must_Plot9_Row7/Vine20_ID46,1.0
MV_Post-AF_Plot12_Rep1_2021-10-16,1.0
DNA11_NegCtrl_2,1.0
MV_Post-AF_Plot9_Rep2_2021-10-16,1.0
21DL05S_2751_wine,1.0
21DL03M_1073_wine,1.0
21DL09_1893_wine,0.0
Lavaux_2022-08-10_must_Plot5,0.0
Lavaux_2021-09-30_must_Plot11_Row4/Vine10_ID61,0.0
Lavaux_2021-09-30_must_Plot11_Row5/Vine19_ID64,0.0
SB_PBS_berry_wash_1,0.0
21DL06S_1094_wine,0.0
SB_must_4deg_1wk_1,0.0
Lavaux_2021-09-30_must_Plot20_Row13/Vine20_ID215,0.0
Lavaux_2022-08-10_leaf_Plot15_washed,0.0
Lavaux_2023-08-24_leaf_Plot5_washed,0.0
Lavaux_2022-08-10_leaf_Plot20_washed,0.0
Lavaux_2022-08-10_leaf_Plot14_washed,0.0
DNA11_NegCtrl_1,0.0
Lavaux_2021-09-30_must_Plot17_Row18/Vine30_ID183,0.0
Valais_57,0.0
Valais_71,0.0
21DL08M_1884_wine,0.0
do not use,0.0
Lavaux_2021-09-30_must_Plot13_Row5/Vine10_ID100,0.0
SB_water_berry_wash_2,0.0
Lavaux_2021-09-30_must_Plot5_Row4/Vine31_ID31,0.0
DO NOT USE (DUPLICATE),0.0
Lavaux_2021-09-30_must_Plot4_Row6/Vine10_ID1,0.0
Lavaux_2021-09-30_must_Plot11_Row7/Vine50_ID70,0.0
Lavaux_2021-09-30_must_Plot4_Row13/Vine20_ID12,0.0
Lavaux_2021-09-30_must_Plot4_Row7/Vine20_ID3,0.0
Lavaux_2021-09-30_must_Plot11_Row2/Vine51_ID58,0.0
Lavaux_2023-08-24_leaf_Plot19,0.0
Lavaux_2023-08-24_leaf_Plot17,0.0
Empty,0.0
Lavaux_2023-08-24_leaf_Plot12,0.0
Lavaux_2023-08-24_leaf_Plot15,0.0
Lavaux_2023-08-24_leaf_Plot20,0.0
empty,0.0
MV_Post-MLF_Plot9_2022-01-24,0.0
Lavaux_2022-09-09_must_Plot17_RepD,0.0
MV_Must_Plot9_2023-09-23,0.0
DO NOT USE (DUPLICATE) ,0.0
SB_must_min20_1month_2,0.0
DO NOT USE (DUPLICATE),0.0
DO NOT USE (DUPLICATE),0.0
SB_swab(cotton)_freeze_immediately_2,0.0
SB_swab(cotton)_freeze_immediately_1,0.0
SB_NaCl_sol_berry_sonication_1,0.0
Lavaux_2023-08-24_must_Plot4,0.0
Lavaux_2023-09-20_must_Plot5_RepB,0.0
22DL05M_89_wine,0.0
Lavaux_2023-09-20_must_Plot17_RepC,0.0
Lavaux_2023-09-20_must_Plot12_RepC,0.0
cotton_tips_3,0.0
21DL04M_2752_wine,0.0
Lavaux_2021-09-30_must_Plot4_Row17/Vine20_ID18,0.0
DNA14_NegCtrl_1,0.0
Lavaux_2021-09-30_must_Plot20_Row6/Vine30_ID206,0.0
19DMB_D2_wine,0.0
cotton_tips_2,0.0
